{
  "best_model": "RandomForest",
  "scores": {
    "RandomForest": {
      "accuracy": 0.6575907590759076,
      "precision": 0.6579556731723454,
      "logloss": 0.6188610888972521,
      "brier": 0.21510314560634053
    }
  },
  "chosen_scores": {
    "accuracy": 0.6575907590759076,
    "precision": 0.6579556731723454,
    "logloss": 0.6188610888972521,
    "brier": 0.21510314560634053
  },
  "train_years": [
    2018,
    2019,
    2020,
    2021,
    2022,
    2023
  ],
  "test_year": 2024,
  "feature_order": [
    "rank_diff",
    "winner_rank",
    "loser_rank",
    "points_diff",
    "winner_pts",
    "loser_pts",
    "age_diff",
    "ht_diff",
    "h2h_net",
    "surface_elo_diff",
    "tourney_importance",
    "recent_form_diff"
  ],
  "has_xgboost": false
}